11012,"Lauren","Walker","lauren41@adventure-works.com","717-555-0164","Bremerton","Washington","98312",2
11130,"Caroline","Russell","caroline21@adventure-works.com","424-555-0137","Lebanon","Oregon","97355",1
11145,"Jasmine","Coleman","jasmine46@adventure-works.com","857-555-0115","Beaverton","Oregon","97005",1
11153,"Angela","James","angela34@adventure-works.com","847-555-0111","Renton","Washington","98055",2
11166,"Ashley","Martinez","ashley18@adventure-works.com","131-555-0194","Olympia","Washington","98501",2
11204,"Destiny","Rivera","destiny33@adventure-works.com","743-555-0111","Beaverton","Oregon","97005",2
11231,"Dennis","Zhang","dennis1@adventure-works.com","710-555-0134","Bremerton","Washington","98312",2
11282,"Christian","Thomas","christian46@adventure-works.com","692-555-0172","Burien","Washington","98168",2
11293,"Luke","Long","luke28@adventure-works.com","786-555-0117","Port Orchard","Washington","98366",2
11304,"Julia","Garcia","julia38@adventure-works.com","923-555-0183","Portland","Oregon","97205",2
11321,"Terrance","Raman","terrance9@adventure-works.com","879-555-0124","Burien","Washington","98168",2
11508,"Elizabeth","Wilson","elizabeth11@adventure-works.com","469-555-0110","Lynnwood","Washington","98036",2
11532,"Lauren","Miller","lauren24@adventure-works.com","827-555-0183","Redmond","Washington","98052",2
11532,"Lauren","Miller","lauren24@adventure-works.com","827-555-0183","Sammamish","Washington","98074",2
11535,"Devin","Nelson","devin32@adventure-works.com","256-555-0111","Lebanon","Oregon","97355",2
11663,"Seth","Williams","seth2@adventure-works.com","878-555-0119","Walla Walla","Washington","99362",2
11669,"Isabella","Simmons","isabella25@adventure-works.com","424-555-0125","Tacoma","Washington","98403",2
11689,"Ian","Diaz","ian62@adventure-works.com","136-555-0185","Edmonds","Washington","98020",2
11713,"Kyle","Zhang","kyle19@adventure-works.com","793-555-0118","Kirkland","Washington","98033",2
11746,"Seth","Brooks","seth74@adventure-works.com","771-555-0118","Tacoma","Washington","98403",2
11800,"Jennifer","Baker","jennifer19@adventure-works.com","506-555-0157","Beaverton","Oregon","97005",2
11819,"Jose","Lal","jose23@adventure-works.com","152-555-0130","Everett","Washington","98201",2
11828,"Katherine","Martinez","katherine88@adventure-works.com","584-555-0118","Milwaukie","Oregon","97222",2
11836,"Garrett","Travers","garrett9@adventure-works.com","879-555-0116","Everett","Washington","98201",2
11847,"Cassidy","Diaz","cassidy23@adventure-works.com","323-555-0140","Portland","Oregon","97205",2
11857,"Isabella","Young","isabella56@adventure-works.com","747-555-0149","Edmonds","Washington","98020",2
11864,"Elizabeth","Thompson","elizabeth19@adventure-works.com","465-555-0154","Tacoma","Washington","98403",2
11882,"Patrick","Stewart","patrick27@adventure-works.com","115-555-0181","Seattle","Washington","98104",2
11889,"Blake","Patterson","blake58@adventure-works.com","473-555-0194","Puyallup","Washington","98371",2
11953,"Courtney","Wright","courtney16@adventure-works.com","366-555-0162","Milwaukie","Oregon","97222",2
11972,"Katherine","Williams","katherine73@adventure-works.com","351-555-0197","Edmonds","Washington","98020",2
12022,"Jose","Wright","jose56@adventure-works.com","571-555-0110","Woodburn","Oregon","97071",2
12025,"Logan","Diaz","logan22@adventure-works.com","965-555-0113","Lake Oswego","Oregon","97034",2
12042,"Alex","Carter","alex39@adventure-works.com","716-555-0163","Yakima","Washington","98901",2
12091,"Eddie","Munoz","eddie7@adventure-works.com","806-555-0179","Beaverton","Oregon","97005",2
12099,"Sydney","Hall","sydney86@adventure-works.com","514-555-0134","Yakima","Washington","98901",2
12116,"Amanda","Gray","amanda15@adventure-works.com","361-555-0183","Portland","Oregon","97205",2
12139,"Franklin","Yang","franklin5@adventure-works.com","390-555-0195","Bellingham","Washington","98225",2
12184,"Isaiah","Perez","isaiah26@adventure-works.com","164-555-0121","Oregon City","Oregon","97045",2
12365,"Alex","Evans","alex27@adventure-works.com","948-555-0138","Bremerton","Washington","98312",2
12420,"Spencer","Hayes","spencer25@adventure-works.com","204-555-0153","Milwaukie","Oregon","97222",1
12457,"Misty","Rai","misty19@adventure-works.com","619-555-0134","Beaverton","Oregon","97005",1
12528,"Devin","Wilson","devin5@adventure-works.com","216-555-0140","Spokane","Washington","99202",1
12761,"Alexandra","Richardson","alexandra13@adventure-works.com","159-555-0117","Woodburn","Oregon","97071",2
12773,"Samantha","Taylor","samantha10@adventure-works.com","741-555-0192","Bellingham","Washington","98225",2
12777,"Joseph","Anderson","joseph16@adventure-works.com","606-555-0186","Lynnwood","Washington","98036",2
12906,"Philip","Ramos","philip16@adventure-works.com","145-555-0145","Burien","Washington","98168",1
12907,"Julia","Bryant","julia84@adventure-works.com","345-555-0135","Kirkland","Washington","98033",1
12937,"Megan","Wilson","megan10@adventure-works.com","773-555-0164","Seattle","Washington","98104",1
12950,"Mary","Adams","mary29@adventure-works.com","388-555-0172","Milwaukie","Oregon","97222",2
12951,"Blake","Simmons","blake63@adventure-works.com","639-555-0126","W. Linn","Oregon","97068",1
12958,"Jennifer","Campbell","jennifer9@adventure-works.com","537-555-0144","Spokane","Washington","99202",2
13015,"Rebecca","Parker","rebecca10@adventure-works.com","936-555-0190","Lake Oswego","Oregon","97034",2
13052,"Jared","Morris","jared20@adventure-works.com","849-555-0125","Beaverton","Oregon","97005",1
13064,"Dalton","Parker","dalton42@adventure-works.com","535-555-0190","Bremerton","Washington","98312",2
13067,"Olivia","Garcia","olivia15@adventure-works.com","819-555-0179","Burien","Washington","98168",2
13093,"Michelle","James","michelle9@adventure-works.com","471-555-0167","Olympia","Washington","98501",2
13169,"Caleb","Griffin","caleb17@adventure-works.com","843-555-0112","Milwaukie","Oregon","97222",2
13178,"Megan","Gray","megan43@adventure-works.com","300-555-0144","Woodburn","Oregon","97071",2
13182,"Jeremy","Bennett","jeremy22@adventure-works.com","453-555-0126","Olympia","Washington","98501",2
13203,"Bailey","Bell","bailey11@adventure-works.com","176-555-0176","Olympia","Washington","98501",2
13224,"Amanda","Brooks","amanda19@adventure-works.com","287-555-0113","Kirkland","Washington","98033",2
13229,"Dylan","Wang","dylan24@adventure-works.com","181-555-0113","Woodburn","Oregon","97071",1
13243,"Alyssa","Davis","alyssa4@adventure-works.com","178-555-0113","Lake Oswego","Oregon","97034",2
13248,"Isabella","Martinez","isabella73@adventure-works.com","901-555-0148","Edmonds","Washington","98020",2
13276,"Sarah","Johnson","sarah3@adventure-works.com","784-555-0131","Everett","Washington","98201",1
13292,"Paula","Carlson","paula20@adventure-works.com","737-555-0172","Burien","Washington","98168",2
13311,"Isabella","Reed","isabella85@adventure-works.com","754-555-0118","Renton","Washington","98055",2
13354,"Eric","Campbell","eric49@adventure-works.com","293-555-0189","Seattle","Washington","98104",2
13356,"Stefanie","Prasad","stefanie6@adventure-works.com","402-555-0146","Bellingham","Washington","98225",1
13383,"Natalie","Wright","natalie63@adventure-works.com","996-555-0114","Beaverton","Oregon","97005",2
13385,"Danielle","Cook","danielle24@adventure-works.com","140-555-0112","Issaquah","Washington","98027",2
13438,"Chloe","Griffin","chloe86@adventure-works.com","160-555-0168","Redmond","Washington","98052",2
13443,"Jasmine","White","jasmine11@adventure-works.com","458-555-0131","Lebanon","Oregon","97355",2
13450,"Victoria","Jones","victoria4@adventure-works.com","328-555-0157","Oregon City","Oregon","97045",2
13456,"Sydney","Hernandez","sydney59@adventure-works.com","662-555-0155","Kirkland","Washington","98033",2
13652,"Tamara","Zeng","tamara11@adventure-works.com","818-555-0163","Beaverton","Oregon","97005",1
13655,"Christopher","Walker","christopher23@adventure-works.com","102-555-0150","Bellingham","Washington","98225",1
13704,"Victoria","Davis","victoria6@adventure-works.com","355-555-0177","Walla Walla","Washington","99362",2
13712,"Nancy","Martinez","nancy21@adventure-works.com","162-555-0168","Beaverton","Oregon","97005",2
13713,"Alexander","Walker","alexander10@adventure-works.com","640-555-0117","Sedro Woolley","Washington","98284",2
13730,"Walter","Suarez","walter12@adventure-works.com","187-555-0115","Bellingham","Washington","98225",2
13750,"Raymond","Sai","raymond7@adventure-works.com","340-555-0120","Bremerton","Washington","98312",1
13754,"Paige","Peterson","paige28@adventure-works.com","248-555-0136","Ballard","Washington","98107",1
13849,"Preston","Rodriguez","preston17@adventure-works.com","845-555-0111","Beaverton","Oregon","97005",2
13893,"Dalton","Carter","dalton35@adventure-works.com","358-555-0140","Beaverton","Oregon","97005",1
13895,"Isabella","Brooks","isabella8@adventure-works.com","421-555-0139","Bremerton","Washington","98312",2
13897,"Carol","Washington","carol19@adventure-works.com","116-555-0141","Burien","Washington","98168",2
13900,"Isaac","Campbell","isaac29@adventure-works.com","496-555-0172","Olympia","Washington","98501",1
13907,"Misty","Xie","misty4@adventure-works.com","146-555-0168","Bremerton","Washington","98312",2
13929,"Robert","Hayes","robert34@adventure-works.com","117-555-0135","Lake Oswego","Oregon","97034",1
14002,"Jacqueline","Reed","jacqueline45@adventure-works.com","406-555-0129","Burien","Washington","98168",1
14003,"Angel","Ramirez","angel6@adventure-works.com","488-555-0166","Portland","Oregon","97205",2
14021,"Michelle","Richardson","michelle10@adventure-works.com","590-555-0195","Kirkland","Washington","98033",1
14027,"Carlos","Perez","carlos30@adventure-works.com","547-555-0191","Tacoma","Washington","98403",1
14029,"Christina","Morris","christina17@adventure-works.com","193-555-0194","Lake Oswego","Oregon","97034",1
14088,"Alexandra","Lopez","alexandra62@adventure-works.com","142-555-0119","Woodburn","Oregon","97071",2
14097,"Johnathan","Srini","johnathan10@adventure-works.com","767-555-0193","Ballard","Washington","98107",1
14111,"Michael","Anderson","michael42@adventure-works.com","306-555-0141","Oregon City","Oregon","97045",1
14115,"Samantha","Gonzales","samantha39@adventure-works.com","701-555-0179","Corvallis","Oregon","97330",2
14117,"Emma","Cook","emma29@adventure-works.com","746-555-0112","Yakima","Washington","98901",2
14121,"Devon","Goel","devon16@adventure-works.com","302-555-0194","Bremerton","Washington","98312",2
14247,"Hunter","Allen","hunter57@adventure-works.com","241-555-0129","Spokane","Washington","99202",1
14256,"Elizabeth","Robinson","elizabeth22@adventure-works.com","314-555-0155","Lynnwood","Washington","98036",2
14267,"Lauren","Wood","lauren49@adventure-works.com","381-555-0117","Corvallis","Oregon","97330",2
14272,"Sydney","Ward","sydney13@adventure-works.com","618-555-0128","Puyallup","Washington","98371",2
14362,"Roberto","Gill","roberto14@adventure-works.com","874-555-0130","Beaverton","Oregon","97005",2
14377,"Paula","Ruiz","paula4@adventure-works.com","638-555-0164","Bellingham","Washington","98225",2
14385,"Maria","Hall","maria64@adventure-works.com","722-555-0190","Lebanon","Oregon","97355",2
14394,"Jacob","Rodriguez","jacob16@adventure-works.com","815-555-0188","Bellingham","Washington","98225",2
14402,"Hailey","Parker","hailey50@adventure-works.com","213-555-0169","Tacoma","Washington","98403",1
14411,"Ashley","Johnson","ashley1@adventure-works.com","189-555-0116","Lake Oswego","Oregon","97034",2
14412,"Nicole","Blue","nicole51@adventure-works.com","835-555-0114","Lebanon","Oregon","97355",2
14439,"Brian","Cox","brian22@adventure-works.com","598-555-0152","Puyallup","Washington","98371",2
14468,"Grace","Rivera","grace33@adventure-works.com","878-555-0186","Tacoma","Washington","98403",1
14469,"Angela","Bell","angela40@adventure-works.com","217-555-0158","Yakima","Washington","98901",1
14481,"Mary","Edwards","mary15@adventure-works.com","617-555-0125","Bremerton","Washington","98312",2
14503,"Brianna","Alexander","brianna64@adventure-works.com","242-555-0137","Walla Walla","Washington","99362",1
14506,"Stacy","Suarez","stacy20@adventure-works.com","161-555-0119","Beaverton","Oregon","97005",1
14509,"Bridget","Deng","bridget2@adventure-works.com","907-555-0197","Beaverton","Oregon","97005",1
14577,"Natalie","Rogers","natalie3@adventure-works.com","350-555-0163","Corvallis","Oregon","97330",2
14624,"Anna","Thomas","anna48@adventure-works.com","323-555-0116","Issaquah","Washington","98027",1
14635,"Luke","Carter","luke42@adventure-works.com","658-555-0133","Woodburn","Oregon","97071",1
14642,"Jeffery","Zeng","jeffery22@adventure-works.com","153-555-0199","Beaverton","Oregon","97005",1
14650,"Adam","Perry","adam5@adventure-works.com","274-555-0149","Walla Walla","Washington","99362",2
14654,"Kyle","Collins","kyle32@adventure-works.com","485-555-0175","Marysville","Washington","98270",1
14657,"John","Thomas","john48@adventure-works.com","534-555-0117","Puyallup","Washington","98371",2
14727,"Anna","Bryant","anna43@adventure-works.com","223-555-0146","Milwaukie","Oregon","97222",2
14734,"Kevin","Edwards","kevin38@adventure-works.com","314-555-0167","Corvallis","Oregon","97330",2
14735,"Maria","Rogers","maria3@adventure-works.com","801-555-0117","Oregon City","Oregon","97045",2
14737,"Dominic","Srini","dominic8@adventure-works.com","481-555-0110","Bellingham","Washington","98225",2
14753,"Austin","Foster","austin12@adventure-works.com","154-555-0151","Corvallis","Oregon","97330",2
14763,"George","Arun","george12@adventure-works.com","503-555-0119","Beaverton","Oregon","97005",1
14869,"Jennifer","Bryant","jennifer91@adventure-works.com","150-555-0167","W. Linn","Oregon","97068",1
14872,"Fernando","Clark","fernando17@adventure-works.com","780-555-0133","Salem","Oregon","97301",1
14894,"James","Baker","james65@adventure-works.com","436-555-0114","Lake Oswego","Oregon","97034",2
14898,"Katelyn","Edwards","katelyn23@adventure-works.com","996-555-0190","Lynnwood","Washington","98036",1
14908,"Morgan","Mitchell","morgan8@adventure-works.com","971-555-0198","Bremerton","Washington","98312",1
15023,"Juan","Watson","juan10@adventure-works.com","175-555-0163","Spokane","Washington","99202",2
15272,"Kyle","Gonzales","kyle12@adventure-works.com","258-555-0160","Tacoma","Washington","98403",1
15318,"Grace","Watson","grace44@adventure-works.com","886-555-0176","Corvallis","Oregon","97330",1
15331,"Jacob","Taylor","jacob8@adventure-works.com","927-555-0155","Lake Oswego","Oregon","97034",1
15335,"Emily","Patterson","emily35@adventure-works.com","117-555-0161","Redmond","Washington","98052",1
15370,"Jessica","Butler","jessica38@adventure-works.com","830-555-0114","Lebanon","Oregon","97355",1
15372,"Miguel","Alexander","miguel65@adventure-works.com","555-555-0138","Bremerton","Washington","98312",2
15384,"Xavier","Alan","xavier22@adventure-works.com","326-555-0171","Beaverton","Oregon","97005",1
15385,"Destiny","Reed","destiny27@adventure-works.com","615-555-0184","Lebanon","Oregon","97355",1
15421,"Cameron","Clark","cameron37@adventure-works.com","889-555-0157","Renton","Washington","98055",1
15486,"Kevin","Griffin","kevin23@adventure-works.com","869-555-0169","Woodburn","Oregon","97071",1
15492,"Grace","Long","grace57@adventure-works.com","702-555-0149","Kirkland","Washington","98033",2
15503,"Caitlin","James","caitlin6@adventure-works.com","409-555-0189","Sedro Woolley","Washington","98284",2
15508,"Megan","Brooks","megan47@adventure-works.com","170-555-0165","Lynnwood","Washington","98036",1
15510,"Ernest","She","ernest21@adventure-works.com","984-555-0124","Beaverton","Oregon","97005",1
15514,"Angela","Ramirez","angela33@adventure-works.com","517-555-0166","Walla Walla","Washington","99362",1
15529,"Jason","Allen","jason50@adventure-works.com","151-555-0119","Lynnwood","Washington","98036",2
15531,"Calvin","Raji","calvin20@adventure-works.com","230-555-0191","Bothell","Washington","98011",4
15550,"Orlando","Alonso","orlando8@adventure-works.com","230-555-0162","Bremerton","Washington","98312",1
15558,"Hailey","Morris","hailey1@adventure-works.com","859-555-0122","Puyallup","Washington","98371",2
15561,"Angel","Young","angel40@adventure-works.com","757-555-0174","Lebanon","Oregon","97355",2
15737,"Alexander","Robinson","alexander22@adventure-works.com","533-555-0141","Lynnwood","Washington","98036",2
15749,"Grace","Brown","grace3@adventure-works.com","627-555-0172","Bremerton","Washington","98312",1
15771,"Maria","Diaz","maria43@adventure-works.com","400-555-0178","Lebanon","Oregon","97355",2
15775,"Michelle","Ward","michelle13@adventure-works.com","328-555-0144","Bellingham","Washington","98225",1
15827,"Danielle","Ward","danielle14@adventure-works.com","444-555-0142","Edmonds","Washington","98020",2
15848,"Gabrielle","Hernandez","gabrielle60@adventure-works.com","536-555-0121","Portland","Oregon","97205",1
15860,"Joe","Moreno","joe30@adventure-works.com","630-555-0181","Bellingham","Washington","98225",2
15882,"Maurice","Xie","maurice3@adventure-works.com","424-555-0166","Beaverton","Oregon","97005",2
15887,"Deanna","Vazquez","deanna41@adventure-works.com","117-555-0116","Bremerton","Washington","98312",1
15893,"Yolanda","Xu","yolanda4@adventure-works.com","742-555-0176","Bellingham","Washington","98225",2
15894,"Joanna","Gutierrez","joanna9@adventure-works.com","984-555-0124","Bellingham","Washington","98225",1
15934,"Nichole","Raji","nichole21@adventure-works.com","788-555-0178","Bellingham","Washington","98225",2
15935,"Amber","King","amber19@adventure-works.com","217-555-0152","Beaverton","Oregon","97005",1
15936,"Abigail","Johnson","abigail48@adventure-works.com","779-555-0116","Woodburn","Oregon","97071",1
15939,"Jennifer","Brown","jennifer32@adventure-works.com","185-555-0173","Tacoma","Washington","98403",1
15958,"Nicole","Ross","nicole52@adventure-works.com","961-555-0120","Burien","Washington","98168",1
15963,"Madison","Smith","madison0@adventure-works.com","764-555-0173","Puyallup","Washington","98371",1
15973,"Christopher","Garcia","christopher16@adventure-works.com","171-555-0119","Sedro Woolley","Washington","98284",1
15975,"Gabrielle","Collins","gabrielle47@adventure-works.com","695-555-0119","Bellingham","Washington","98225",1
15978,"Xavier","Walker","xavier20@adventure-works.com","359-555-0138","Edmonds","Washington","98020",1
15980,"Gabrielle","Morgan","gabrielle5@adventure-works.com","642-555-0110","Port Orchard","Washington","98366",2
16022,"Devin","Hernandez","devin24@adventure-works.com","139-555-0150","Ballard","Washington","98107",1
16075,"Alexis","Johnson","alexis1@adventure-works.com","192-555-0131","Walla Walla","Washington","99362",1
16107,"Jordan","Edwards","jordan30@adventure-works.com","189-555-0154","Walla Walla","Washington","99362",1
16129,"Jordyn","Russell","jordyn18@adventure-works.com","171-555-0187","Portland","Oregon","97205",1
16146,"Jacquelyn","Saunders","jacquelyn21@adventure-works.com","574-555-0154","Bellingham","Washington","98225",1
16153,"Eric","Jai","eric40@adventure-works.com","102-555-0131","Lynnwood","Washington","98036",1
16229,"Wayne","Chande","wayne17@adventure-works.com","116-555-0178","Ballard","Washington","98107",1
16653,"Isabella","Phillips","isabella36@adventure-works.com","460-555-0164","Issaquah","Washington","98027",1
16735,"Melissa","Hayes","melissa18@adventure-works.com","855-555-0159","Lynnwood","Washington","98036",1
16773,"David","Lal","david61@adventure-works.com","679-555-0111","Woodburn","Oregon","97071",1
16774,"Eduardo","Perry","eduardo52@adventure-works.com","119-555-0134","Yakima","Washington","98901",1
16782,"Lucas","Clark","lucas33@adventure-works.com","159-555-0120","Port Orchard","Washington","98366",1
16797,"Evan","Reed","evan21@adventure-works.com","735-555-0111","Walla Walla","Washington","99362",1
16804,"Adam","Zhang","adam20@adventure-works.com","988-555-0176","W. Linn","Oregon","97068",1
16832,"Isaiah","Parker","isaiah21@adventure-works.com","156-555-0115","Renton","Washington","98055",1
16859,"Jack","Kumar","jack29@adventure-works.com","747-555-0113","Puyallup","Washington","98371",1
16864,"Grace","Ramirez","grace42@adventure-works.com","414-555-0176","Yakima","Washington","98901",1
16884,"Richard","Miller","richard46@adventure-works.com","717-555-0188","Yakima","Washington","98901",1
16890,"Timothy","Reed","timothy22@adventure-works.com","204-555-0112","Puyallup","Washington","98371",1
16899,"Whitney","Sanchez","whitney19@adventure-works.com","361-555-0177","Burien","Washington","98168",1
16908,"Kristi","Patel","kristi19@adventure-works.com","308-555-0116","Burien","Washington","98168",1
16915,"Mason","Phillips","mason26@adventure-works.com","124-555-0175","Walla Walla","Washington","99362",1
16923,"Connor","Gonzales","connor11@adventure-works.com","187-555-0111","Kirkland","Washington","98033",1
16975,"Benjamin","Lee","benjamin37@adventure-works.com","463-555-0118","Salem","Oregon","97301",1
16980,"Jill","Moore","jill5@adventure-works.com","126-555-0139","Tacoma","Washington","98403",1
16986,"Sara","Adams","sara42@adventure-works.com","516-555-0113","Milwaukie","Oregon","97222",1
17006,"Hunter","Williams","hunter61@adventure-works.com","457-555-0119","Woodburn","Oregon","97071",1
17013,"Gabriella","Mitchell","gabriella34@adventure-works.com","150-555-0182","Salem","Oregon","97301",1
17019,"Andrea","Hall","andrea44@adventure-works.com","570-555-0155","Beaverton","Oregon","97005",1
17020,"Ashley","Bryant","ashley45@adventure-works.com","640-555-0110","Edmonds","Washington","98020",1
17028,"Grace","Richardson","grace35@adventure-works.com","723-555-0160","Renton","Washington","98055",1
17035,"Jordan","Flores","jordan9@adventure-works.com","192-555-0177","Yakima","Washington","98901",1
17040,"Adam","Henderson","adam3@adventure-works.com","200-555-0144","Everett","Washington","98201",1
17044,"Ana","Hayes","ana21@adventure-works.com","620-555-0195","Renton","Washington","98055",1
17127,"Makayla","Gray","makayla6@adventure-works.com","133-555-0124","Puyallup","Washington","98371",1
17133,"Lucas","Kelly","lucas73@adventure-works.com","112-555-0153","Marysville","Washington","98270",1
17135,"Richard","Edwards","richard38@adventure-works.com","736-555-0187","Woodburn","Oregon","97071",1
17136,"Glenn","Ye","glenn10@adventure-works.com","599-555-0144","Beaverton","Oregon","97005",1
17137,"Jason","Washington","jason10@adventure-works.com","863-555-0165","Issaquah","Washington","98027",1
17144,"Luis","Griffin","luis20@adventure-works.com","541-555-0186","Burien","Washington","98168",1
17158,"Mitchell","Nara","mitchell14@adventure-works.com","313-555-0112","Bellingham","Washington","98225",1
17159,"Kellie","Ruiz","kellie2@adventure-works.com","183-555-0136","Bellingham","Washington","98225",1
17261,"Kyle","Shan","kyle27@adventure-works.com","344-555-0150","Yakima","Washington","98901",1
17268,"Alyssa","Hughes","alyssa57@adventure-works.com","975-555-0124","Burien","Washington","98168",1
17271,"Sarah","Griffin","sarah45@adventure-works.com","307-555-0166","Spokane","Washington","99202",1
17274,"Arturo","Lu","arturo12@adventure-works.com","697-555-0134","Bremerton","Washington","98312",1
17343,"Tristan","Price","tristan0@adventure-works.com","554-555-0160","Yakima","Washington","98901",1
17349,"Cassie","Kennedy","cassie6@adventure-works.com","598-555-0144","Ballard","Washington","98107",1
17412,"Kaylee","Carter","kaylee32@adventure-works.com","464-555-0161","Salem","Oregon","97301",1
17431,"Grace","Kelly","grace46@adventure-works.com","631-555-0114","Corvallis","Oregon","97330",1
17464,"Jeremy","Rodriguez","jeremy6@adventure-works.com","382-555-0146","Lake Oswego","Oregon","97034",1
17471,"Grace","James","grace43@adventure-works.com","138-555-0118","Seattle","Washington","98104",1
17473,"Ebony","Blanco","ebony37@adventure-works.com","136-555-0124","Bellingham","Washington","98225",1
17485,"Blake","Davis","blake4@adventure-works.com","721-555-0132","Kirkland","Washington","98033",1
17488,"Jason","Adams","jason44@adventure-works.com","249-555-0135","Seattle","Washington","98104",1
17516,"Thomas","Foster","thomas18@adventure-works.com","117-555-0180","Redmond","Washington","98052",1
17531,"Isaac","Ramirez","isaac6@adventure-works.com","291-555-0184","Oregon City","Oregon","97045",1
17589,"Melanie","Brooks","melanie12@adventure-works.com","455-555-0159","Issaquah","Washington","98027",1
17597,"Sarah","Diaz","sarah46@adventure-works.com","573-555-0135","Yakima","Washington","98901",1
17600,"Timothy","Brooks","timothy3@adventure-works.com","831-555-0110","Lynnwood","Washington","98036",1
17604,"Noah","Robinson","noah65@adventure-works.com","495-555-0145","Kirkland","Washington","98033",1
17620,"Miranda","Coleman","miranda6@adventure-works.com","190-555-0134","Milwaukie","Oregon","97222",1
17688,"Pedro","Subram","pedro13@adventure-works.com","183-555-0126","Bellingham","Washington","98225",1
17699,"Jesse","Bell","jesse14@adventure-works.com","531-555-0135","Lake Oswego","Oregon","97034",1
18060,"Sara","Carter","sara36@adventure-works.com","674-555-0160","Redmond","Washington","98052",1
18067,"Jackson","King","jackson49@adventure-works.com","538-555-0143","Portland","Oregon","97205",1
18082,"Steven","Sanchez","steven27@adventure-works.com","620-555-0127","Edmonds","Washington","98020",1
18084,"Jessica","Diaz","jessica46@adventure-works.com","607-555-0192","Redmond","Washington","98052",1
18093,"Grace","Johnson","grace0@adventure-works.com","761-555-0113","Salem","Oregon","97301",1
18098,"Edward","Lee","edward44@adventure-works.com","143-555-0177","W. Linn","Oregon","97068",1
18104,"Taylor","Coleman","taylor31@adventure-works.com","232-555-0179","Tacoma","Washington","98403",1
18117,"Fernando","Washington","fernando56@adventure-works.com","467-555-0170","Redmond","Washington","98052",1
18227,"Miranda","Diaz","miranda22@adventure-works.com","128-555-0117","Lynnwood","Washington","98036",1
18316,"Justin","Kumar","justin25@adventure-works.com","645-555-0110","Olympia","Washington","98501",1
18371,"Jessica","Morgan","jessica6@adventure-works.com","242-555-0195","Lynnwood","Washington","98036",1
18374,"Logan","King","logan45@adventure-works.com","907-555-0113","Puyallup","Washington","98371",1
18380,"Kaitlyn","Kelly","kaitlyn66@adventure-works.com","127-555-0157","Milwaukie","Oregon","97222",1
18395,"Xavier","Howard","xavier78@adventure-works.com","156-555-0152","Woodburn","Oregon","97071",1
18403,"Madeline","Phillips","madeline5@adventure-works.com","528-555-0156","Ballard","Washington","98107",1
18430,"Victoria","Morgan","victoria30@adventure-works.com","116-555-0151","W. Linn","Oregon","97068",1
18532,"Marcus","Russell","marcus69@adventure-works.com","157-555-0150","Issaquah","Washington","98027",1
18583,"Luis","Kumar","luis28@adventure-works.com","160-555-0157","Redmond","Washington","98052",1
18584,"Haley","Evans","haley42@adventure-works.com","849-555-0179","Seattle","Washington","98104",1
18593,"Sydney","Martinez","sydney79@adventure-works.com","782-555-0110","Renton","Washington","98055",2
18605,"David","Wright","david35@adventure-works.com","544-555-0144","Burien","Washington","98168",1
18638,"Alyssa","Thompson","alyssa15@adventure-works.com","844-555-0186","Kirkland","Washington","98033",1
18664,"Robert","Long","robert23@adventure-works.com","925-555-0172","Renton","Washington","98055",1
18690,"Carlos","Rivera","carlos19@adventure-works.com","736-555-0137","Bremerton","Washington","98312",1
18753,"James","Moore","james73@adventure-works.com","116-555-0196","Portland","Oregon","97205",1
18797,"Evan","Murphy","evan16@adventure-works.com","794-555-0159","Redmond","Washington","98052",2
18800,"Jennifer","Phillips","jennifer8@adventure-works.com","158-555-0148","Lake Oswego","Oregon","97034",1
18803,"Cedric","Zheng","cedric19@adventure-works.com","433-555-0141","Bremerton","Washington","98312",1
18809,"Jason","King","jason47@adventure-works.com","797-555-0190","Beaverton","Oregon","97005",1
18816,"Taylor","Smith","taylor47@adventure-works.com","753-555-0165","Oregon City","Oregon","97045",1
18822,"Gregory","Ferrier","gregory26@adventure-works.com","882-555-0118","Beaverton","Oregon","97005",1
18828,"Morgan","Wright","morgan17@adventure-works.com","165-555-0175","Everett","Washington","98201",1
18870,"Ana","Barnes","ana3@adventure-works.com","228-555-0115","Beaverton","Oregon","97005",1
18874,"Julia","Green","julia11@adventure-works.com","864-555-0131","Sedro Woolley","Washington","98284",1
18912,"Tyler","Williams","tyler6@adventure-works.com","451-555-0115","Lynnwood","Washington","98036",1
18969,"Anna","Cox","anna15@adventure-works.com","491-555-0113","Lynnwood","Washington","98036",1
18976,"Garrett","Howard","garrett16@adventure-works.com","135-555-0153","Corvallis","Oregon","97330",1
18982,"Kyle","Baker","kyle46@adventure-works.com","685-555-0144","Kirkland","Washington","98033",1
18984,"Shelby","Rivera","shelby17@adventure-works.com","844-555-0115","Issaquah","Washington","98027",1
18997,"Eric","King","eric59@adventure-works.com","922-555-0113","Tacoma","Washington","98403",1
19007,"Mackenzie","Sanchez","mackenzie26@adventure-works.com","256-555-0121","Milwaukie","Oregon","97222",1
19025,"Aaron","Roberts","aaron37@adventure-works.com","114-555-0110","Milwaukie","Oregon","97222",1
19119,"Connor","Simmons","connor10@adventure-works.com","266-555-0110","Edmonds","Washington","98020",1
19127,"Alexa","Sanchez","alexa22@adventure-works.com","791-555-0178","Woodburn","Oregon","97071",1
19136,"Richard","Cook","richard94@adventure-works.com","921-555-0152","Everett","Washington","98201",1
19168,"Nathan","Kumar","nathan25@adventure-works.com","601-555-0110","Beaverton","Oregon","97005",1
19170,"Luis","Campbell","luis39@adventure-works.com","883-555-0152","Burien","Washington","98168",1
19227,"Logan","Nelson","logan35@adventure-works.com","326-555-0152","Beaverton","Oregon","97005",1
19228,"Morgan","Ramirez","morgan64@adventure-works.com","793-555-0190","Burien","Washington","98168",1
19236,"Chloe","Phillips","chloe3@adventure-works.com","128-555-0134","Bellingham","Washington","98225",1
19246,"Carlos","Campbell","carlos34@adventure-works.com","563-555-0146","Issaquah","Washington","98027",1
19405,"Abigail","Smith","abigail47@adventure-works.com","692-555-0110","Lake Oswego","Oregon","97034",1
19407,"Sarah","Perry","sarah32@adventure-works.com","506-555-0177","Oregon City","Oregon","97045",1
19529,"Bailey","Parker","bailey28@adventure-works.com","604-555-0112","Spokane","Washington","99202",1
19641,"Richard","Evans","richard37@adventure-works.com","834-555-0117","Lake Oswego","Oregon","97034",1
19657,"Emily","Griffin","emily46@adventure-works.com","648-555-0129","Renton","Washington","98055",1
19682,"Eric","Kumar","eric36@adventure-works.com","589-555-0121","Kirkland","Washington","98033",1
19683,"Marcus","Parker","marcus45@adventure-works.com","496-555-0122","Milwaukie","Oregon","97222",1
19694,"Stephanie","Perez","stephanie57@adventure-works.com","553-555-0146","Edmonds","Washington","98020",1
19711,"Devin","Cooper","devin76@adventure-works.com","976-555-0180","Milwaukie","Oregon","97222",1
19720,"Kaitlyn","Phillips","kaitlyn4@adventure-works.com","720-555-0175","Beaverton","Oregon","97005",1
19721,"Noah","Allen","noah71@adventure-works.com","386-555-0114","Everett","Washington","98201",1
19733,"Caitlin","Watson","caitlin0@adventure-works.com","434-555-0167","Kirkland","Washington","98033",1
19738,"Henry","Martinez","henry19@adventure-works.com","248-555-0138","Bellingham","Washington","98225",1
19743,"Holly","Rana","holly10@adventure-works.com","481-555-0142","Bellingham","Washington","98225",1
19803,"Jermaine","Mehta","jermaine12@adventure-works.com","197-555-0160","Bremerton","Washington","98312",1
19804,"Cameron","Foster","cameron11@adventure-works.com","120-555-0136","Corvallis","Oregon","97330",1
19824,"Jordan","Perry","jordan4@adventure-works.com","562-555-0196","Bellingham","Washington","98225",1
19833,"Michelle","Kelly","michelle4@adventure-works.com","763-555-0131","Corvallis","Oregon","97330",1
19834,"Johnny","Sharma","johnny10@adventure-works.com","395-555-0165","Burien","Washington","98168",1
19852,"Eric","Carter","eric52@adventure-works.com","556-555-0163","Lynnwood","Washington","98036",1
19860,"Sara","Young","sara44@adventure-works.com","729-555-0182","Ballard","Washington","98107",1
19871,"Bryce","Rivera","bryce16@adventure-works.com","874-555-0150","Sedro Woolley","Washington","98284",1
19894,"Elijah","Sharma","elijah4@adventure-works.com","783-555-0176","Bellingham","Washington","98225",1
19980,"Alexandra","Carter","alexandra52@adventure-works.com","894-555-0115","Kirkland","Washington","98033",1
19985,"Tamara","Ma","tamara5@adventure-works.com","837-555-0130","Bremerton","Washington","98312",1
19993,"Nathan","Russell","nathan16@adventure-works.com","795-555-0137","Kirkland","Washington","98033",1
20018,"Lauren","Gray","lauren16@adventure-works.com","158-555-0155","Renton","Washington","98055",1
20032,"Marcus","Walker","marcus24@adventure-works.com","324-555-0182","Tacoma","Washington","98403",1
20108,"Glenn","Gao","glenn16@adventure-works.com","495-555-0147","Burien","Washington","98168",1
20117,"Brandon","Jenkins","brandon4@adventure-works.com","422-555-0193","Portland","Oregon","97205",1
20125,"Natalie","Clark","natalie86@adventure-works.com","442-555-0154","Kirkland","Washington","98033",1
20129,"Nicole","Stewart","nicole25@adventure-works.com","358-555-0129","Beaverton","Oregon","97005",1
20183,"Sophia","Allen","sophia21@adventure-works.com","435-555-0162","Lebanon","Oregon","97355",1
20197,"Olivia","Johnson","olivia1@adventure-works.com","106-555-0160","Lake Oswego","Oregon","97034",1
20276,"Haley","Sanchez","haley1@adventure-works.com","688-555-0130","Seattle","Washington","98104",1
20333,"Abigail","Gonzales","abigail69@adventure-works.com","176-555-0117","Edmonds","Washington","98020",1
20355,"Melanie","Gray","melanie31@adventure-works.com","717-555-0178","Salem","Oregon","97301",1
20372,"Kaitlyn","Edwards","kaitlyn1@adventure-works.com","110-555-0118","Lake Oswego","Oregon","97034",1
20378,"Nathan","Jai","nathan29@adventure-works.com","654-555-0128","Burien","Washington","98168",1
20390,"Ross","Ramos","ross35@adventure-works.com","519-555-0126","Bremerton","Washington","98312",1
20394,"Emma","Butler","emma60@adventure-works.com","720-555-0117","Olympia","Washington","98501",1
20408,"Isaac","Morgan","isaac13@adventure-works.com","709-555-0145","Burien","Washington","98168",1
20409,"Sophia","Young","sophia22@adventure-works.com","146-555-0195","Spokane","Washington","99202",1
20431,"Corey","Raje","corey12@adventure-works.com","195-555-0161","Beaverton","Oregon","97005",1
20471,"Carlos","Gonzalez","carlos36@adventure-works.com","436-555-0124","Kirkland","Washington","98033",1
20472,"Edward","Coleman","edward54@adventure-works.com","451-555-0175","Beaverton","Oregon","97005",1
20521,"Gina","Carlson","gina18@adventure-works.com","493-555-0158","Bremerton","Washington","98312",1
20530,"Mariah","Jenkins","mariah11@adventure-works.com","924-555-0164","W. Linn","Oregon","97068",1
20538,"Hailey","Bennett","hailey22@adventure-works.com","788-555-0196","Tacoma","Washington","98403",1
20642,"Patricia","Prasad","patricia13@adventure-works.com","101-555-0161","Beaverton","Oregon","97005",1
20662,"Taylor","Perry","taylor33@adventure-works.com","937-555-0134","Milwaukie","Oregon","97222",1
20675,"Natalie","Martin","natalie82@adventure-works.com","764-555-0123","Lake Oswego","Oregon","97034",1
20689,"Connor","Green","connor41@adventure-works.com","169-555-0130","Puyallup","Washington","98371",1
20693,"Zachary","Perry","zachary6@adventure-works.com","375-555-0149","Yakima","Washington","98901",1
20747,"Melody","Vazquez","melody15@adventure-works.com","545-555-0147","Burien","Washington","98168",1
20748,"Stephanie","Watson","stephanie24@adventure-works.com","647-555-0182","Puyallup","Washington","98371",1
20769,"Michelle","Sanders","michelle5@adventure-works.com","671-555-0192","Lynnwood","Washington","98036",1
21141,"Omar","Li","omar3@adventure-works.com","177-555-0195","Burien","Washington","98168",1
21150,"Alyssa","Ramirez","alyssa41@adventure-works.com","357-555-0194","Sedro Woolley","Washington","98284",1
21159,"Kaitlyn","Rodriguez","kaitlyn43@adventure-works.com","111-555-0123","Corvallis","Oregon","97330",1
21247,"Alex","Sanders","alex6@adventure-works.com","772-555-0161","Sedro Woolley","Washington","98284",1
21278,"Julia","King","julia16@adventure-works.com","675-555-0156","Beaverton","Oregon","97005",1
21280,"Justin","Walker","justin51@adventure-works.com","136-555-0192","Burien","Washington","98168",1
21285,"Mackenzie","Rivera","mackenzie15@adventure-works.com","514-555-0118","Corvallis","Oregon","97330",1
21296,"Luis","Hall","luis53@adventure-works.com","432-555-0152","Ballard","Washington","98107",1
21299,"Hannah","Gonzales","hannah38@adventure-works.com","239-555-0156","Marysville","Washington","98270",1
21321,"Jon","Jai","jon7@adventure-works.com","269-555-0152","Burien","Washington","98168",1
21333,"Mackenzie","Allen","mackenzie44@adventure-works.com","137-555-0131","Woodburn","Oregon","97071",1
21353,"Karen","Wu","karen16@adventure-works.com","646-555-0113","Bothell","Washington","98011",2
21397,"Mason","Howard","mason11@adventure-works.com","547-555-0167","Olympia","Washington","98501",1
21401,"Eric","Powell","eric17@adventure-works.com","277-555-0122","Lebanon","Oregon","97355",1
21415,"Sydney","Sanchez","sydney1@adventure-works.com","817-555-0114","Redmond","Washington","98052",1
21429,"Isabella","Sandberg","isabella10@adventure-works.com","499-555-0176","Portland","Oregon","97205",1
21456,"Dalton","Gonzales","dalton63@adventure-works.com","789-555-0171","Lebanon","Oregon","97355",1
21467,"David","Harris","david72@adventure-works.com","715-555-0178","Port Orchard","Washington","98366",1
21576,"Benjamin","Gonzales","benjamin18@adventure-works.com","834-555-0135","Oregon City","Oregon","97045",1
21578,"Jordan","Green","jordan68@adventure-works.com","590-555-0171","Tacoma","Washington","98403",1
21579,"Wyatt","Jackson","wyatt12@adventure-works.com","972-555-0149","Woodburn","Oregon","97071",1
21584,"Gavin","Bryant","gavin16@adventure-works.com","966-555-0153","Everett","Washington","98201",1
21592,"Christina","Reed","christina19@adventure-works.com","972-555-0157","Kirkland","Washington","98033",1
21603,"Seth","Barnes","seth51@adventure-works.com","838-555-0195","Bellingham","Washington","98225",1
21605,"Brittney","Ye","brittney8@adventure-works.com","148-555-0174","Burien","Washington","98168",1
21624,"Faith","Price","faith1@adventure-works.com","887-555-0184","Tacoma","Washington","98403",1
21647,"Blake","Brown","blake3@adventure-works.com","687-555-0187","Bremerton","Washington","98312",1
21707,"Cassidy","Simmons","cassidy16@adventure-works.com","553-555-0183","Issaquah","Washington","98027",1
21714,"Carmen","Patel","carmen7@adventure-works.com","505-555-0130","Burien","Washington","98168",1
21754,"Kaitlyn","Lopez","kaitlyn19@adventure-works.com","841-555-0144","Salem","Oregon","97301",1
21757,"Elijah","Wang","elijah26@adventure-works.com","922-555-0134","Kirkland","Washington","98033",1
21773,"Alyssa","Rogers","alyssa27@adventure-works.com","746-555-0157","Beaverton","Oregon","97005",1
21799,"Angel","Cook","angel20@adventure-works.com","128-555-0114","Lebanon","Oregon","97355",1
21919,"Melissa","Howard","melissa33@adventure-works.com","624-555-0115","Bremerton","Washington","98312",1
21935,"Victoria","Simmons","victoria62@adventure-works.com","992-555-0163","Walla Walla","Washington","99362",1
22045,"Cameron","Chen","cameron21@adventure-works.com","298-555-0161","Burien","Washington","98168",1
22067,"Julia","Jackson","julia34@adventure-works.com","114-555-0110","Bellingham","Washington","98225",1
22092,"Andrea","Young","andrea39@adventure-works.com","639-555-0165","Tacoma","Washington","98403",1
22098,"Katherine","Brooks","katherine22@adventure-works.com","326-555-0144","W. Linn","Oregon","97068",1
22218,"Christian","Bryant","christian5@adventure-works.com","448-555-0169","Bremerton","Washington","98312",1
22245,"Evan","Lopez","evan37@adventure-works.com","252-555-0182","Lake Oswego","Oregon","97034",1
22335,"Anthony","Taylor","anthony18@adventure-works.com","685-555-0172","Kirkland","Washington","98033",1
22350,"Riley","Powell","riley6@adventure-works.com","986-555-0185","Seattle","Washington","98104",1
22351,"Sarah","Davis","sarah7@adventure-works.com","112-555-0188","Burien","Washington","98168",1
22717,"Nicole","Watson","nicole44@adventure-works.com","259-555-0148","Walla Walla","Washington","99362",1
22726,"Anna","Morris","anna4@adventure-works.com","232-555-0182","Kirkland","Washington","98033",1
22743,"Kaylee","Murphy","kaylee11@adventure-works.com","693-555-0152","Kirkland","Washington","98033",1
22752,"Daniel","Brown","daniel22@adventure-works.com","410-555-0119","Lebanon","Oregon","97355",1
22763,"Rebecca","Gonzalez","rebecca11@adventure-works.com","622-555-0164","Seattle","Washington","98104",1
22767,"Luis","Hernandez","luis50@adventure-works.com","264-555-0131","Woodburn","Oregon","97071",1
22773,"Autumn","Zhang","autumn0@adventure-works.com","621-555-0181","Bellingham","Washington","98225",1
22783,"Isaac","Green","isaac38@adventure-works.com","239-555-0151","Lynnwood","Washington","98036",1
22786,"Wyatt","Goldstein","wyatt67@adventure-works.com","612-555-0184","Burien","Washington","98168",1
22878,"Angelica","Ross","angelica3@adventure-works.com","194-555-0172","W. Linn","Oregon","97068",1
22968,"Logan","Perez","logan38@adventure-works.com","556-555-0120","Puyallup","Washington","98371",1
22970,"Mary","Phillips","mary19@adventure-works.com","530-555-0150","Bellingham","Washington","98225",1
23005,"Luke","Sharma","luke19@adventure-works.com","777-555-0198","Portland","Oregon","97205",1
23020,"Hannah","Jones","hannah4@adventure-works.com","418-555-0133","Kirkland","Washington","98033",1
23037,"Lucas","Wood","lucas51@adventure-works.com","826-555-0195","Seattle","Washington","98104",1
23044,"Aidan","Patterson","aidan11@adventure-works.com","307-555-0173","Corvallis","Oregon","97330",1
23045,"Gabriel","Patterson","gabriel7@adventure-works.com","115-555-0124","Spokane","Washington","99202",1
23046,"Pamela","Malhotra","pamela8@adventure-works.com","761-555-0185","Beaverton","Oregon","97005",1
23051,"Jesse","Green","jesse40@adventure-works.com","491-555-0161","W. Linn","Oregon","97068",1
23088,"Wesley","Hu","wesley20@adventure-works.com","858-555-0160","Bellingham","Washington","98225",1
23090,"Christopher","Lee","christopher22@adventure-works.com","129-555-0117","Lynnwood","Washington","98036",1
23151,"Michael","Brown","michael36@adventure-works.com","941-555-0135","Milwaukie","Oregon","97222",1
23152,"Michelle","Howard","michelle12@adventure-works.com","665-555-0143","Salem","Oregon","97301",1
23191,"Gilbert","Raji","gilbert41@adventure-works.com","502-555-0176","Burien","Washington","98168",1
23202,"Terrance","Chandra","terrance2@adventure-works.com","299-555-0171","Bellingham","Washington","98225",1
23249,"Tasha","Nara","tasha17@adventure-works.com","955-555-0114","Bremerton","Washington","98312",1
23274,"Ethan","Jackson","ethan45@adventure-works.com","576-555-0139","Seattle","Washington","98104",1
23280,"Hannah","Alexander","hannah40@adventure-works.com","511-555-0157","Oregon City","Oregon","97045",1
23285,"Latoya","Luo","latoya5@adventure-works.com","835-555-0145","Bremerton","Washington","98312",1
23291,"Timothy","Evans","timothy25@adventure-works.com","639-555-0117","Milwaukie","Oregon","97222",1
23300,"Julia","Henderson","julia71@adventure-works.com","193-555-0199","Tacoma","Washington","98403",1
23339,"Zoe","Reed","zoe19@adventure-works.com","150-555-0117","Burien","Washington","98168",1
23372,"Jack","Diaz","jack22@adventure-works.com","925-555-0114","Lynnwood","Washington","98036",1
23373,"Gabrielle","Murphy","gabrielle7@adventure-works.com","492-555-0117","W. Linn","Oregon","97068",1
23377,"Samantha","Hayes","samantha45@adventure-works.com","368-555-0153","Kirkland","Washington","98033",1
23381,"Bianca","Hu","bianca17@adventure-works.com","609-555-0188","Ballard","Washington","98107",1
23461,"Rachael","Smith","rachael8@adventure-works.com","360-555-0110","Beaverton","Oregon","97005",1
23462,"Seth","Jones","seth3@adventure-works.com","513-555-0176","Port Orchard","Washington","98366",1
23475,"Richard","Martin","richard55@adventure-works.com","132-555-0165","Bremerton","Washington","98312",1
23496,"Nicholas","Harris","nicholas14@adventure-works.com","629-555-0160","Milwaukie","Oregon","97222",1
23579,"Jared","Richardson","jared11@adventure-works.com","112-555-0171","Lynnwood","Washington","98036",1
23585,"Kaitlyn","Moore","kaitlyn30@adventure-works.com","873-555-0161","Burien","Washington","98168",1
23670,"Mya","Henderson","mya7@adventure-works.com","647-555-0186","Salem","Oregon","97301",1
23691,"Karen","Hu","karen29@adventure-works.com","415-555-0114","Bellingham","Washington","98225",1
23720,"Anna","Davis","anna66@adventure-works.com","119-555-0114","Woodburn","Oregon","97071",1
23790,"Isabella","Williams","isabella59@adventure-works.com","543-555-0167","Lebanon","Oregon","97355",1
23791,"Aaron","Griffin","aaron20@adventure-works.com","306-555-0143","Walla Walla","Washington","99362",1
23801,"Taylor","Wood","taylor27@adventure-works.com","787-555-0124","Salem","Oregon","97301",1
23802,"Emily","Diaz","emily47@adventure-works.com","340-555-0113","Salem","Oregon","97301",1
23805,"Luke","Hayes","luke12@adventure-works.com","879-555-0197","Lake Oswego","Oregon","97034",1
23820,"Isabelle","Diaz","isabelle20@adventure-works.com","597-555-0171","Beaverton","Oregon","97005",1
23833,"Kevin","Gonzales","kevin19@adventure-works.com","625-555-0186","Issaquah","Washington","98027",1
23834,"Ethan","Long","ethan6@adventure-works.com","910-555-0185","Renton","Washington","98055",1
23853,"Isaac","Perez","isaac26@adventure-works.com","983-555-0153","Sedro Woolley","Washington","98284",1
23857,"Alexandra","Anderson","alexandra73@adventure-works.com","133-555-0133","Lebanon","Oregon","97355",1
23870,"Elijah","Henderson","elijah8@adventure-works.com","684-555-0119","Salem","Oregon","97301",1
23874,"Abigail","Cook","abigail7@adventure-works.com","378-555-0119","Beaverton","Oregon","97005",1
23889,"Sean","Carter","sean42@adventure-works.com","614-555-0197","Walla Walla","Washington","99362",1
24223,"Abigail","Alexander","abigail44@adventure-works.com","142-555-0123","Milwaukie","Oregon","97222",1
24236,"Isabella","Nelson","isabella39@adventure-works.com","715-555-0147","Edmonds","Washington","98020",1
24285,"Jesse","Cox","jesse10@adventure-works.com","709-555-0119","Burien","Washington","98168",1
24312,"Austin","Martin","austin30@adventure-works.com","864-555-0155","Everett","Washington","98201",1
24321,"Gabriel","Scott","gabriel43@adventure-works.com","464-555-0121","Renton","Washington","98055",1
24333,"Ann","Prasad","ann14@adventure-works.com","359-555-0138","Burien","Washington","98168",1
24337,"Noah","Alexander","noah16@adventure-works.com","370-555-0172","Edmonds","Washington","98020",1
24510,"Christian","Martinez","christian53@adventure-works.com","191-555-0143","Walla Walla","Washington","99362",1
24511,"Logan","Hall","logan49@adventure-works.com","288-555-0173","Woodburn","Oregon","97071",1
24633,"Xavier","Cook","xavier79@adventure-works.com","872-555-0163","W. Linn","Oregon","97068",1
24667,"Chloe","Diaz","chloe87@adventure-works.com","699-555-0199","Seattle","Washington","98104",1
24726,"Marissa","Hughes","marissa8@adventure-works.com","397-555-0181","W. Linn","Oregon","97068",1
24734,"Jack","Turner","jack40@adventure-works.com","179-555-0174","Burien","Washington","98168",1
24737,"Angela","Bailey","angela42@adventure-works.com","326-555-0119","Puyallup","Washington","98371",1
24765,"Morgan","Alexander","morgan88@adventure-works.com","867-555-0192","Seattle","Washington","98104",1
24774,"Xavier","Gonzales","xavier57@adventure-works.com","141-555-0184","Salem","Oregon","97301",1
24791,"Teresa","Ortega","teresa21@adventure-works.com","910-555-0119","Burien","Washington","98168",1
24795,"Alexandra","Lewis","alexandra85@adventure-works.com","835-555-0125","Corvallis","Oregon","97330",1
24818,"Diane","Rubio","diane26@adventure-works.com","530-555-0199","Burien","Washington","98168",1
24820,"David","Clark","david82@adventure-works.com","547-555-0188","Marysville","Washington","98270",1
24952,"Amanda","Long","amanda31@adventure-works.com","328-555-0124","Lebanon","Oregon","97355",1
24969,"Vanessa","Gonzales","vanessa18@adventure-works.com","567-555-0193","Puyallup","Washington","98371",1
24978,"Kaylee","Stewart","kaylee23@adventure-works.com","517-555-0114","Bremerton","Washington","98312",1
24991,"Luke","Bryant","luke7@adventure-works.com","172-555-0143","Issaquah","Washington","98027",1
25006,"Bailey","Murphy","bailey12@adventure-works.com","162-555-0190","Yakima","Washington","98901",1
25067,"Melanie","Butler","melanie1@adventure-works.com","196-555-0111","Issaquah","Washington","98027",1
25069,"Lori","Ortega","lori22@adventure-works.com","214-555-0179","Burien","Washington","98168",1
25084,"Dalton","James","dalton69@adventure-works.com","277-555-0153","Woodburn","Oregon","97071",1
25096,"Victoria","Bennett","victoria49@adventure-works.com","823-555-0196","Bellingham","Washington","98225",1
25097,"Fernando","Gonzales","fernando58@adventure-works.com","492-555-0129","Milwaukie","Oregon","97222",1
25146,"Carson","Gonzales","carson16@adventure-works.com","151-555-0131","W. Linn","Oregon","97068",1
25175,"Nathan","Chen","nathan22@adventure-works.com","250-555-0110","Issaquah","Washington","98027",1
25175,"Nathan","Chen","nathan22@adventure-works.com","250-555-0110","Sammamish","Washington","98074",1
25181,"Jesse","Torres","jesse4@adventure-works.com","225-555-0119","Portland","Oregon","97205",1
25183,"Michael","Thomas","michael43@adventure-works.com","595-555-0169","Seattle","Washington","98104",1
25192,"Janet","Gill","janet19@adventure-works.com","921-555-0114","Burien","Washington","98168",1
25193,"Stephanie","Howard","stephanie17@adventure-works.com","886-555-0125","Lynnwood","Washington","98036",1
25207,"Destiny","Moore","destiny8@adventure-works.com","264-555-0128","Redmond","Washington","98052",1
25260,"Dalton","Howard","dalton82@adventure-works.com","635-555-0176","Yakima","Washington","98901",1
25285,"Noah","Williams","noah58@adventure-works.com","477-555-0174","Edmonds","Washington","98020",1
25353,"Caitlin","Stewart","caitlin20@adventure-works.com","277-555-0153","Seattle","Washington","98104",1
25355,"Richard","Smith","richard40@adventure-works.com","308-555-0185","Edmonds","Washington","98020",1
25364,"Isaac","Rogers","isaac19@adventure-works.com","673-555-0153","Lynnwood","Washington","98036",1
25368,"Blake","Baker","blake34@adventure-works.com","455-555-0126","Seattle","Washington","98104",1
25395,"Paige","Flores","paige11@adventure-works.com","155-555-0140","Sedro Woolley","Washington","98284",1
25407,"Tony","Anand","tony24@adventure-works.com","541-555-0112","Clackamas","Oregon","97015",1
25412,"Michael","Williams","michael34@adventure-works.com","134-555-0133","Everett","Washington","98201",1
25424,"Ian","Roberts","ian35@adventure-works.com","728-555-0147","Bellingham","Washington","98225",1
25428,"Victoria","Jenkins","victoria54@adventure-works.com","593-555-0160","Spokane","Washington","99202",1
25847,"Destiny","Brown","destiny4@adventure-works.com","175-555-0123","Everett","Washington","98201",1
25852,"Amanda","Bennett","amanda22@adventure-works.com","419-555-0113","Lynnwood","Washington","98036",1
25858,"Mariah","Gonzales","mariah22@adventure-works.com","787-555-0196","Milwaukie","Oregon","97222",1
25869,"Lucas","Parker","lucas9@adventure-works.com","784-555-0110","Redmond","Washington","98052",1
25874,"Jessica","Hall","jessica72@adventure-works.com","812-555-0126","Olympia","Washington","98501",1
25888,"Morgan","Edwards","morgan1@adventure-works.com","890-555-0175","Tacoma","Washington","98403",2
25893,"Alexia","Alexander","alexia15@adventure-works.com","356-555-0116","Bremerton","Washington","98312",1
25895,"Jesse","Richardson","jesse9@adventure-works.com","691-555-0172","Oregon City","Oregon","97045",2
25914,"Seth","Hughes","seth59@adventure-works.com","703-555-0128","Seattle","Washington","98104",1
25930,"Ethan","Harris","ethan47@adventure-works.com","353-555-0161","Lynnwood","Washington","98036",1
25982,"Rebecca","Phillips","rebecca8@adventure-works.com","994-555-0167","Yakima","Washington","98901",2
25994,"Richard","Garcia","richard10@adventure-works.com","154-555-0197","W. Linn","Oregon","97068",2
26041,"Gloria","Torres","gloria12@adventure-works.com","435-555-0171","Bellingham","Washington","98225",2
26047,"Ashley","Hall","ashley25@adventure-works.com","114-555-0173","Issaquah","Washington","98027",1
26050,"Clarence","Ye","clarence5@adventure-works.com","832-555-0169","Bremerton","Washington","98312",2
26063,"Wesley","Lu","wesley11@adventure-works.com","161-555-0142","Bellingham","Washington","98225",1
26064,"Logan","Scott","logan40@adventure-works.com","265-555-0163","Spokane","Washington","99202",1
26068,"Dylan","Patterson","dylan9@adventure-works.com","331-555-0163","Olympia","Washington","98501",1
26088,"Ethan","Perry","ethan4@adventure-works.com","969-555-0145","Seattle","Washington","98104",1
26112,"Luke","Perry","luke26@adventure-works.com","248-555-0172","Walla Walla","Washington","99362",2
26116,"Ashley","Martin","ashley15@adventure-works.com","647-555-0116","Ballard","Washington","98107",2
26175,"Jose","Hughes","jose34@adventure-works.com","163-555-0158","Lake Oswego","Oregon","97034",1
26236,"Isabella","Evans","isabella33@adventure-works.com","286-555-0187","Burien","Washington","98168",1
26255,"Cameron","Alexander","cameron14@adventure-works.com","399-555-0196","Lebanon","Oregon","97355",1
26258,"Angelica","Powell","angelica8@adventure-works.com","330-555-0118","Portland","Oregon","97205",1
26263,"Kaitlyn","Collins","kaitlyn2@adventure-works.com","271-555-0158","Portland","Oregon","97205",1
26293,"Casey","Carlson","casey42@adventure-works.com","170-555-0110","Bremerton","Washington","98312",2
26311,"Brenda","Rodriguez","brenda23@adventure-works.com","285-555-0118","Bellingham","Washington","98225",2
26339,"Cindy","James","cindy26@adventure-works.com","458-555-0190","Walla Walla","Washington","99362",2
26455,"Samuel","Carter","samuel40@adventure-works.com","987-555-0119","Kirkland","Washington","98033",1
26459,"Angelica","Hayes","angelica22@adventure-works.com","260-555-0148","Port Orchard","Washington","98366",1
26460,"Gabriella","Cook","gabriella19@adventure-works.com","553-555-0153","W. Linn","Oregon","97068",1
26462,"Lauren","Kelly","lauren45@adventure-works.com","287-555-0169","Bellingham","Washington","98225",1
26464,"Alexandria","Griffin","alexandria21@adventure-works.com","411-555-0197","Olympia","Washington","98501",1
26497,"Karen","Sanchez","karen33@adventure-works.com","181-555-0184","Issaquah","Washington","98027",1
26497,"Karen","Sanchez","karen33@adventure-works.com","181-555-0184","Newport Hills","Washington","98006",1
26530,"Riley","Morgan","riley33@adventure-works.com","660-555-0143","Lake Oswego","Oregon","97034",2
26551,"Noah","Moore","noah47@adventure-works.com","162-555-0115","Milwaukie","Oregon","97222",1
26598,"Charles","Adams","charles35@adventure-works.com","257-555-0115","Tacoma","Washington","98403",1
26636,"Miguel","Walker","miguel23@adventure-works.com","679-555-0194","Corvallis","Oregon","97330",1
26642,"Gabrielle","Evans","gabrielle45@adventure-works.com","547-555-0153","W. Linn","Oregon","97068",2
26644,"Jenna","Hernandez","jenna17@adventure-works.com","169-555-0133","Port Orchard","Washington","98366",2
26687,"Marshall","Xu","marshall26@adventure-works.com","543-555-0119","Bellingham","Washington","98225",1
26702,"Cynthia","Arun","cynthia11@adventure-works.com","555-555-0151","Bellingham","Washington","98225",1
26717,"David","Simpson","david24@adventure-works.com","115-555-0100","Beaverton","Oregon","97005",1
26724,"Sydney","Edwards","sydney45@adventure-works.com","116-555-0172","Salem","Oregon","97301",1
26726,"Danielle","Rivera","danielle19@adventure-works.com","154-555-0165","Edmonds","Washington","98020",1
26727,"Jose","Clark","jose80@adventure-works.com","285-555-0177","Milwaukie","Oregon","97222",2
26729,"Brian","Gray","brian18@adventure-works.com","503-555-0132","Burien","Washington","98168",2
26783,"Juan","Torres","juan14@adventure-works.com","714-555-0128","Walla Walla","Washington","99362",1
26808,"Kimberly","Howard","kimberly15@adventure-works.com","812-555-0179","Edmonds","Washington","98020",1
27011,"Kevin","Powell","kevin11@adventure-works.com","118-555-0173","Seattle","Washington","98104",1
27030,"Jan","Gray","jan5@adventure-works.com","460-555-0194","Seattle","Washington","98104",1
27052,"Jada","Bailey","jada7@adventure-works.com","486-555-0159","Seattle","Washington","98104",1
27064,"Barbara","Chande","barbara44@adventure-works.com","433-555-0119","Burien","Washington","98168",1
27070,"Nathan","Davis","nathan63@adventure-works.com","706-555-0168","Everett","Washington","98201",1
27074,"Kristi","Sanchez","kristi38@adventure-works.com","791-555-0126","Ballard","Washington","98107",2
27086,"Lauren","Howard","lauren12@adventure-works.com","814-555-0134","Walla Walla","Washington","99362",1
27091,"Miguel","Martin","miguel14@adventure-works.com","710-555-0152","Everett","Washington","98201",1
27098,"Sarah","Wilson","sarah9@adventure-works.com","563-555-0177","Ballard","Washington","98107",1
27217,"Julia","Walker","julia44@adventure-works.com","180-555-0148","Renton","Washington","98055",1
27262,"Courtney","Hill","courtney10@adventure-works.com","735-555-0119","Redmond","Washington","98052",1
27271,"Anna","Reed","anna6@adventure-works.com","114-555-0181","Edmonds","Washington","98020",1
27279,"Katelyn","Brooks","katelyn0@adventure-works.com","772-555-0169","Issaquah","Washington","98027",2
27291,"Bobby","Mehta","bobby10@adventure-works.com","735-555-0115","Burien","Washington","98168",2
27373,"Eduardo","Rivera","eduardo76@adventure-works.com","253-555-0188","Woodburn","Oregon","97071",1
27430,"Stephanie","Young","stephanie69@adventure-works.com","837-555-0130","Bremerton","Washington","98312",1
27444,"Kayla","Martinez","kayla18@adventure-works.com","332-555-0166","Walla Walla","Washington","99362",1
27450,"Abigail","Ross","abigail72@adventure-works.com","264-555-0199","Walla Walla","Washington","99362",2
27475,"Alexa","Bailey","alexa14@adventure-works.com","901-555-0158","Olympia","Washington","98501",1
27525,"Ariana","Sanders","ariana3@adventure-works.com","736-555-0192","Edmonds","Washington","98020",1
27531,"Abigail","Bailey","abigail11@adventure-works.com","329-555-0153","Renton","Washington","98055",1
27559,"Emily","Rodriguez","emily21@adventure-works.com","726-555-0111","Spokane","Washington","99202",1
27563,"Devin","Bennett","devin67@adventure-works.com","978-555-0168","W. Linn","Oregon","97068",1
27606,"Courtney","Edwards","courtney1@adventure-works.com","257-555-0188","Milwaukie","Oregon","97222",2
27608,"Hector","Hernandez","hector2@adventure-works.com","914-555-0151","Bellingham","Washington","98225",1
27618,"Melanie","Diaz","melanie9@adventure-works.com","208-555-0139","Spokane","Washington","99202",1
27638,"Marcus","Brooks","marcus75@adventure-works.com","134-555-0197","Marysville","Washington","98270",1
27683,"Alexandra","Reed","alexandra4@adventure-works.com","747-555-0149","Beaverton","Oregon","97005",1
27732,"Katherine","White","katherine83@adventure-works.com","205-555-0138","Walla Walla","Washington","99362",1
27736,"Mackenzie","Young","mackenzie38@adventure-works.com","746-555-0119","Woodburn","Oregon","97071",1
27912,"Caitlin","Ramirez","caitlin5@adventure-works.com","280-555-0149","Redmond","Washington","98052",1
27919,"Ryan","Lal","ryan33@adventure-works.com","505-555-0116","Issaquah","Washington","98027",2
28008,"Jada","Baker","jada26@adventure-works.com","976-555-0125","Salem","Oregon","97301",1
28017,"Christopher","Martin","christopher15@adventure-works.com","332-555-0176","Bremerton","Washington","98312",1
28040,"Jack","Mitchell","jack47@adventure-works.com","449-555-0192","Everett","Washington","98201",1
28085,"Jeremiah","Evans","jeremiah22@adventure-works.com","589-555-0192","Marysville","Washington","98270",1
28094,"Melanie","Peterson","melanie30@adventure-works.com","254-555-0148","Lake Oswego","Oregon","97034",1
28144,"Noah","Phillips","noah33@adventure-works.com","730-555-0157","Yakima","Washington","98901",1
28179,"Billy","Alvarez","billy6@adventure-works.com","159-555-0194","Beaverton","Oregon","97005",1
28181,"Katherine","Rodriguez","katherine91@adventure-works.com","801-555-0134","Lebanon","Oregon","97355",1
28222,"Eduardo","Lewis","eduardo20@adventure-works.com","675-555-0112","W. Linn","Oregon","97068",1
28227,"Caleb","Wang","caleb21@adventure-works.com","435-555-0140","Port Orchard","Washington","98366",1
28233,"Patrick","Richardson","patrick14@adventure-works.com","472-555-0122","Walla Walla","Washington","99362",1
28240,"Eduardo","Clark","eduardo18@adventure-works.com","441-555-0118","Puyallup","Washington","98371",2
28266,"Wyatt","Flores","wyatt62@adventure-works.com","566-555-0115","Salem","Oregon","97301",1
28270,"Samuel","Long","samuel8@adventure-works.com","826-555-0171","Walla Walla","Washington","99362",1
28274,"William","Rodriguez","william15@adventure-works.com","289-555-0172","Burien","Washington","98168",1
28300,"Abigail","Bennett","abigail26@adventure-works.com","978-555-0118","Spokane","Washington","99202",1
28336,"Edward","Martin","edward37@adventure-works.com","508-555-0159","Marysville","Washington","98270",1
28337,"Melissa","Bennett","melissa20@adventure-works.com","262-555-0128","Oregon City","Oregon","97045",1
28576,"Sunil","Uppal","sunil5@adventure-works.com","106-555-0128","Everett","Washington","98201",1
28578,"Zoe","Rogers","zoe18@adventure-works.com","194-555-0199","Lynnwood","Washington","98036",1
28590,"Gabriel","Jai","gabriel29@adventure-works.com","736-555-0111","Oregon City","Oregon","97045",1
28634,"Nathan","Mitchell","nathan39@adventure-works.com","225-555-0159","Salem","Oregon","97301",1
28655,"Devin","Smith","devin0@adventure-works.com","170-555-0110","Tacoma","Washington","98403",1
28660,"Justin","Anderson","justin29@adventure-works.com","984-555-0181","Beaverton","Oregon","97005",1
28664,"Ashlee","Sharma","ashlee16@adventure-works.com","616-555-0177","Beaverton","Oregon","97005",2
28665,"Donna","Anand","donna20@adventure-works.com","784-555-0134","Bellingham","Washington","98225",2
28680,"Hannah","Brown","hannah5@adventure-works.com","956-555-0121","Milwaukie","Oregon","97222",1
28769,"Brianna","Foster","brianna61@adventure-works.com","166-555-0170","Everett","Washington","98201",2
28820,"Naomi","Alvarez","naomi4@adventure-works.com","514-555-0167","Bellingham","Washington","98225",1
28821,"Blake","Jackson","blake11@adventure-works.com","496-555-0164","Issaquah","Washington","98027",1
28839,"Connor","Parker","connor28@adventure-works.com","936-555-0177","W. Linn","Oregon","97068",1
28845,"Kaitlyn","Simmons","kaitlyn82@adventure-works.com","568-555-0128","Burien","Washington","98168",2
28863,"Allison","Bell","allison13@adventure-works.com","540-555-0145","Woodburn","Oregon","97071",1
28871,"Jasmine","West","jasmine37@adventure-works.com","188-555-0118","Issaquah","Washington","98027",2
29006,"Christian","Kumar","christian14@adventure-works.com","226-555-0182","Corvallis","Oregon","97330",1
29014,"Ryan","Powell","ryan11@adventure-works.com","113-555-0122","Edmonds","Washington","98020",1
29023,"Dalton","Campbell","dalton41@adventure-works.com","106-555-0177","Renton","Washington","98055",1
29044,"Olivia","Wilson","olivia6@adventure-works.com","443-555-0140","Portland","Oregon","97205",2
29134,"Pedro","Dominguez","pedro33@adventure-works.com","967-555-0121","Burien","Washington","98168",1
29155,"Gabriella","Kelly","gabriella0@adventure-works.com","963-555-0150","Puyallup","Washington","98371",1
29162,"Xavier","Murphy","xavier82@adventure-works.com","838-555-0145","Salem","Oregon","97301",1
29169,"Victoria","Bailey","victoria33@adventure-works.com","286-555-0132","Bremerton","Washington","98312",1
29175,"Sean","Rivera","sean24@adventure-works.com","837-555-0175","Burien","Washington","98168",2
29207,"Katelyn","James","katelyn6@adventure-works.com","431-555-0164","Tacoma","Washington","98403",1
29212,"Jocelyn","Gonzales","jocelyn16@adventure-works.com","757-555-0163","Marysville","Washington","98270",1
29225,"Matthew","Lee","matthew26@adventure-works.com","220-555-0158","Port Orchard","Washington","98366",2
29249,"Austin","Long","austin5@adventure-works.com","412-555-0173","Sedro Woolley","Washington","98284",1
29250,"Anthony","Williams","anthony11@adventure-works.com","681-555-0164","Yakima","Washington","98901",1
29258,"Makayla","James","makayla8@adventure-works.com","151-555-0161","Yakima","Washington","98901",2
29276,"Sydney","Flores","sydney34@adventure-works.com","621-555-0147","Puyallup","Washington","98371",2
29327,"Allen","Chandra","allen2@adventure-works.com","467-555-0129","Bremerton","Washington","98312",1
29335,"Justin","Bryant","justin15@adventure-works.com","444-555-0144","Seattle","Washington","98104",1
